chr,pos,pop,period,MAX_CN,size:number,gene
chr1,2390753,EAS,1,41.0,{40: 26},MORN1
chr1,6618142,SAS,1,18.0,"{13: 22, 8: 22, 3: 22, 9: 22}",PHF13
chr1,7862994,EAS,5,60.0,{40: 24},
chr1,11221693,AFR,2,16.0,"{11: 64, 6: 64, 1: 64, 8: 64}",MTOR
chr1,15686647,AFR,1,21.0,"{16: 65, 11: 81, 6: 100, 13: 65}",PLEKHM2
chr1,23321162,AFR,1,29.0,"{24: 29, 19: 66, 14: 72, 20: 64}",HNRNPR
chr1,28650155,AFR,1,19.0,"{14: 12, 9: 14, 4: 14, 11: 14}",
chr1,31218013,AFR,4,48.0,"{43: 2, 38: 5, 33: 11, 27: 21}",NKAIN1
chr1,42641550,AFR,1,18.0,"{13: 12, 8: 12, 3: 12, 10: 12}",CCDC30
chr1,64640742,AFR,2,17.0,"{12: 9, 7: 29, 2: 35, 8: 23}",CACHD1
chr1,77887912,AFR,3,106.0,"{70: 71, 80: 33, 90: 13}",NEXN-AS1
chr1,93053220,SAS,1,46.0,{40: 274},
chr1,108676811,AFR,1,23.0,"{18: 13, 13: 13, 8: 13}",
chr1,155786929,AFR,1,25.0,"{20: 133, 15: 133, 10: 133, 13: 133}",GON4L
chr1,178571013,AFR,1,29.0,"{24: 52, 19: 52, 14: 57, 21: 52}",
chr1,180075960,SAS,1,31.0,"{26: 24, 21: 24, 16: 24, 15: 24}",CEP350
chr1,182265614,AFR,1,30.0,"{25: 55, 20: 55, 15: 55}",LINC01344
chr1,186381333,AFR,1,19.0,"{14: 35, 9: 35, 4: 35, 10: 35}",ODR4
chr1,187963077,SAS,1,22.0,"{17: 33, 12: 33, 7: 34}",
chr1,192960237,AFR,1,20.0,"{15: 4, 10: 17, 5: 24, 11: 15}",
chr1,199276028,AFR,2,17.0,"{12: 3, 7: 26, 2: 82, 9: 20}",LINC02789
chr1,200284747,AFR,4,50.0,{40: 19},LINC00862
chr1,200284760,AFR,4,54.0,{40: 12},LINC00862
chr1,230691164,AFR,2,17.0,"{12: 19, 7: 19, 2: 19, 9: 19}","COG2,AGT"
chr10,27935842,AFR,2,16.0,"{11: 20, 6: 20, 1: 37, 8: 20}",ODAD2
chr10,29312378,SAS,1,16.0,"{11: 13, 6: 13, 1: 18, 8: 13}",LYZL1
chr10,34665840,AFR,5,80.0,"{40: 61, 50: 37, 60: 15}",PARD3
chr10,35419534,AFR,1,32.0,"{27: 31, 22: 39, 17: 40, 21: 40}",CCNY
chr10,64367917,AFR,1,24.0,"{19: 3, 14: 26, 9: 60}",
chr10,66914131,AFR,1,19.0,"{14: 20, 9: 20, 4: 22, 11: 20}",CTNNA3
chr10,69100966,AFR,1,38.0,"{33: 11, 28: 16, 23: 16, 20: 16}",SRGN
chr10,69949931,AFR,2,70.0,{40: 30},COL13A1
chr10,74341365,AFR,1,17.0,"{12: 15, 7: 15, 2: 36, 9: 15}",ADK
chr10,76383411,AFR,1,19.0,"{14: 61, 9: 61, 4: 61, 10: 61}",LRMDA
chr10,93483369,AFR,1,31.0,"{26: 34, 21: 92, 16: 124}",
chr10,102242929,AFR,1,17.0,"{12: 2, 7: 14, 2: 17, 9: 14}",
chr10,124138189,AFR,2,18.0,"{13: 54, 8: 62, 3: 68, 10: 60}",
chr11,14139709,AFR,2,26.0,"{21: 37, 16: 69, 11: 70}",SPON1
chr11,15578107,AFR,1,20.0,"{15: 18, 10: 30, 5: 39, 11: 30}",LINC02751
chr11,36224072,AFR,2,20.0,"{15: 14, 10: 14, 5: 14}",LDLRAD3
chr11,43462922,AMR,1,35.0,"{30: 32, 25: 33, 20: 33, 26: 33}",TTC17
chr11,110237105,AFR,2,18.0,"{13: 153, 8: 153, 3: 156, 9: 153}",RDX
chr12,864111,AFR,1,32.0,"{27: 3, 22: 28, 17: 59, 24: 16}",WNK1
chr12,32669535,AFR,2,17.0,"{12: 69, 7: 71, 2: 127, 9: 70}",
chr12,55774558,AFR,1,23.0,"{18: 26, 13: 40, 8: 67, 11: 45}",SARNP
chr12,56965041,AFR,1,18.0,"{13: 20, 8: 20, 3: 20, 9: 20}",
chr12,62123688,EAS,2,16.0,"{11: 25, 6: 45, 1: 45, 8: 32}",TAFA2
chr12,64807917,AFR,1,37.0,"{32: 45, 27: 72, 22: 76, 28: 60}",TBC1D30
chr12,72614299,AFR,2,39.0,"{34: 12, 29: 12, 24: 12}",TRHDE
chr12,78262566,AFR,1,37.0,"{32: 5, 27: 14, 22: 33, 28: 13}",
chr12,94594199,AFR,2,19.0,"{14: 53, 9: 63, 4: 63, 10: 55}",TMCC3
chr12,98400100,AFR,2,19.0,"{14: 14, 9: 14, 4: 14, 10: 14}",
chr12,99874001,AFR,2,20.0,"{15: 264, 10: 341, 5: 367, 11: 327}",ANKS1B
chr12,102335118,AFR,1,28.0,"{23: 84, 18: 85, 13: 87, 14: 87}","LINC02456,HELLPAR"
chr12,103840377,AFR,5,66.0,{40: 15},NT5DC3
chr12,119343660,AFR,2,37.0,"{32: 9, 27: 11, 22: 11, 20: 11}",CCDC60
chr12,119731813,AFR,2,24.0,"{19: 7, 14: 53, 9: 81, 16: 13}",CIT
chr12,127269957,AFR,2,22.0,"{17: 122, 12: 135, 7: 150, 14: 128}",
chr12,128319355,AFR,2,20.0,"{15: 6, 10: 24, 5: 24, 12: 24}",TMEM132C
chr13,22762630,SAS,1,21.0,"{16: 39, 11: 39, 6: 39}",
chr13,42662361,SAS,1,19.0,"{14: 21, 9: 21, 4: 21, 10: 21}",
chr13,49441221,AMR,2,78.0,{40: 46},CAB39L
chr13,51085184,AFR,2,30.0,"{25: 4, 20: 10, 15: 25, 17: 14}",C13orf42
chr13,70429588,AFR,1,18.0,"{13: 67, 8: 67, 3: 67, 9: 67}",
chr13,71529184,AFR,1,16.0,"{11: 1, 6: 65, 1: 71, 8: 60}",DACH1
chr13,77276817,AFR,1,20.0,"{15: 1, 10: 125, 5: 130, 11: 122}",MYCBP2
chr13,83803643,AFR,1,24.0,"{19: 56, 14: 82, 9: 90}",
chr13,84548411,AFR,2,22.0,"{17: 37, 12: 37, 7: 76, 14: 37}",
chr14,45168776,AFR,2,15.0,"{10: 58, 5: 58, 0: 1764, 7: 58}",FANCM
chr14,87151038,AFR,1,17.0,"{12: 13, 7: 17, 2: 17, 9: 17}",
chr14,88415487,AFR,1,29.0,"{24: 70, 19: 70, 14: 70, 15: 70}",SPATA7
chr14,88978812,AFR,1,29.0,"{24: 14, 19: 15, 14: 23, 20: 15}",
chr14,93485176,AFR,2,19.0,"{14: 9, 9: 14, 4: 14, 10: 14}",UNC79
chr14,105107870,AFR,1,21.0,"{16: 21, 11: 22, 6: 22}",
chr15,25261750,AFR,2,36.0,"{31: 12, 26: 14, 21: 59, 28: 13}",SNHG14
chr15,29344931,AFR,2,23.0,"{18: 17, 13: 28, 8: 39, 14: 25}",FAM189A1
chr15,42874303,AFR,1,17.0,"{12: 11, 7: 57, 2: 57, 9: 11}",TTBK2
chr15,54186836,AFR,2,76.0,"{40: 55, 50: 21}",UNC13C
chr15,54339640,AFR,2,23.0,"{18: 2, 13: 63, 8: 69, 14: 53}",UNC13C
chr15,77000461,AFR,2,24.0,"{19: 4, 14: 58, 9: 61, 13: 58}",PSTPIP1
chr15,99398490,AFR,1,22.0,"{17: 23, 12: 23, 7: 23, 13: 23}",
chr16,17197014,AFR,2,66.0,{40: 11},XYLT1
chr16,22226518,AFR,1,32.0,"{27: 2, 22: 96, 17: 98, 23: 43}",EEF2K
chr16,23980799,AFR,2,18.0,"{13: 34, 8: 39, 3: 87, 9: 39}",PRKCB
chr16,24814386,AFR,1,34.0,"{29: 11, 24: 11, 19: 11, 21: 11}",TNRC6A
chr16,57160297,AFR,1,20.0,"{15: 19, 10: 19, 5: 19}",PSME3IP1
chr16,70495398,AFR,1,22.0,"{17: 57, 12: 63, 7: 63, 13: 63}",COG4
chr16,73258339,AFR,2,21.0,"{16: 33, 11: 57, 6: 102, 12: 54}",ZFHX3
chr16,77554025,AFR,2,16.0,"{11: 109, 6: 109, 1: 109, 8: 109}",
chr16,81249093,AFR,1,25.0,"{20: 16, 15: 16, 10: 16, 14: 16}",BCO1
chr16,84141095,AFR,1,19.0,"{14: 236, 9: 236, 4: 287, 10: 236}",HSDL1
chr16,84627205,AFR,1,34.0,"{29: 59, 24: 59, 19: 59, 17: 59}",
chr16,85694399,AFR,1,30.0,"{25: 13, 20: 14, 15: 14, 21: 14}",C16orf74
chr17,1785764,AFR,1,16.0,"{11: 310, 6: 312, 1: 312, 8: 310}",SMYD4
chr17,5739980,AFR,1,33.0,"{28: 17, 23: 17, 18: 17}",
chr17,6230074,AFR,1,24.0,"{19: 12, 14: 12, 9: 12, 15: 12}",
chr17,6505195,AFR,2,64.0,{40: 24},PITPNM3
chr17,8489707,AFR,2,64.0,"{40: 22, 50: 11}","NDEL1,MYH10"
chr17,28468443,AFR,1,24.0,"{19: 12, 14: 12, 9: 12, 12: 12}",RSKR
chr17,29468136,AMR,1,42.0,{40: 12},TAOK1
chr17,29841893,AFR,1,22.0,"{17: 9, 12: 11, 7: 52, 13: 11}",SSH2
chr17,31517192,EAS,1,24.0,"{19: 11, 14: 11, 9: 11}",RAB11FIP4
chr17,50483170,AFR,1,28.0,"{23: 98, 18: 137, 13: 146, 20: 134}",RSAD1
chr17,51831667,AFR,3,130.0,"{60: 36, 70: 20, 80: 13}",CA10
chr17,53617002,AFR,2,19.0,"{14: 29, 9: 29, 4: 29, 11: 29}",
chr17,57450255,AFR,4,62.0,{40: 27},MSI2
chr17,64219508,AFR,5,57.0,{40: 20},TEX2
chr17,80617988,AFR,1,16.0,"{11: 101, 6: 101, 1: 101, 8: 101}",RPTOR
chr18,2956311,AFR,2,45.0,"{40: 3, 35: 14, 30: 25}",LPIN2
chr18,6185960,AFR,5,110.0,"{40: 35, 50: 23}",L3MBTL4
chr18,8599152,AFR,2,24.0,"{19: 19, 14: 21, 9: 36}",
chr18,21700828,AFR,1,24.0,"{19: 14, 14: 54, 9: 82, 16: 14}",ABHD3
chr18,29642261,AFR,2,20.0,"{15: 90, 10: 90, 5: 90, 11: 90}",
chr18,44144747,AFR,1,18.0,"{13: 35, 8: 35, 3: 35, 10: 35}",
chr19,12890644,AFR,2,57.0,{40: 13},
chr19,13109086,AFR,2,20.0,"{15: 13, 10: 21, 5: 57, 11: 21}",TRMT1
chr19,19800391,AFR,2,46.0,{40: 31},ZNF506
chr19,28377259,AFR,1,37.0,"{32: 11, 27: 11, 22: 11, 23: 11}",
chr19,33765054,AFR,2,51.0,{40: 35},CHST8
chr19,35947598,AFR,2,35.0,"{30: 47, 25: 47, 20: 53, 21: 52}",
chr19,41484877,AFR,2,20.0,"{15: 22, 10: 27, 5: 29, 11: 27}",PCAT19
chr19,53656807,EAS,1,16.0,"{11: 16, 6: 16, 1: 16, 8: 16}",
chr19,53908594,AFR,1,29.0,"{24: 26, 19: 26, 14: 26}",
chr19,54188015,AFR,4,79.0,"{50: 47, 60: 18}",MBOAT7
chr2,40288865,AFR,1,39.0,"{34: 1, 29: 8, 24: 13, 20: 13}",SLC8A1
chr2,52374565,AFR,1,19.0,"{14: 21, 9: 21, 4: 21, 10: 21}",LINC01867
chr2,66293536,AFR,4,48.0,{40: 15},
chr2,68630435,AFR,2,19.0,"{14: 7, 9: 65, 4: 68, 11: 61}",APLF
chr2,82245326,AFR,2,26.0,"{21: 12, 16: 51, 11: 63, 15: 54}",
chr2,147326960,SAS,2,17.0,"{12: 17, 7: 17, 2: 17, 9: 17}",
chr2,164687214,AFR,1,19.0,"{14: 14, 9: 14, 4: 14, 10: 14}",COBLL1
chr2,181365308,AFR,1,22.0,"{17: 15, 12: 15, 7: 15}",LINC01934
chr2,181582516,AFR,2,20.0,"{15: 17, 10: 22, 5: 24, 11: 22}",CERKL
chr2,208111218,AFR,1,20.0,"{15: 152, 10: 152, 5: 152}",CRYGEP
chr2,215674732,AFR,2,17.0,"{12: 26, 7: 26, 2: 26, 9: 26}",LINC00607
chr2,222821919,AFR,1,29.0,"{24: 8, 19: 21, 14: 21}",
chr2,227867993,AFR,1,22.0,"{17: 11, 12: 296, 7: 320, 13: 61}",
chr20,2667478,AFR,1,22.0,"{17: 42, 12: 42, 7: 42, 13: 42}",
chr20,31846442,AFR,2,61.0,{40: 12},
chr21,16480288,AFR,2,115.0,"{40: 183, 50: 78, 60: 40, 70: 30, 80: 20}",MIR99AHG
chr21,21052151,AFR,1,19.0,"{14: 35, 9: 62, 4: 69}",NCAM2
chr21,23768132,AFR,1,42.0,{40: 11},
chr21,38316512,AFR,2,21.0,"{16: 13, 11: 13, 6: 13}",
chr22,19062779,AMR,2,142.0,{80: 11},DGCR2
chr22,28352305,AFR,2,24.0,"{19: 3, 14: 57, 9: 78, 13: 57}",TTC28
chr22,39113930,AFR,1,22.0,"{17: 31, 12: 42, 7: 46}",
chr22,42989978,AFR,2,16.0,"{11: 51, 6: 51, 1: 51, 8: 51}",PACSIN2
chr22,45238875,AFR,2,40.0,"{35: 60, 30: 61, 25: 61, 21: 61}",KIAA0930
chr3,1198725,SAS,1,25.0,"{20: 17, 15: 17, 10: 17, 13: 17}",CNTN6
chr3,5262211,AFR,1,22.0,"{17: 11, 12: 13, 7: 94, 14: 13}",
chr3,13263427,AFR,1,34.0,"{29: 89, 24: 89, 19: 89, 18: 89}",IQSEC1
chr3,14305092,AFR,1,20.0,"{15: 52, 10: 52, 5: 52, 12: 52}",
chr3,19206168,AFR,2,71.0,{40: 16},KCNH8
chr3,42977083,AFR,1,22.0,"{17: 16, 12: 16, 7: 16}",
chr3,44908375,AFR,1,23.0,"{18: 15, 13: 15, 8: 15}",TGM4
chr3,47199096,AFR,1,41.0,{40: 34},KIF9-AS1
chr3,67928046,AFR,2,21.0,"{16: 26, 11: 65, 6: 109, 13: 45}",SUCLG2-DT
chr3,76938972,AFR,1,19.0,"{14: 9, 9: 32, 4: 47, 11: 14}",ROBO2
chr3,79757511,AFR,2,24.0,"{19: 6, 14: 21, 9: 25}",ROBO1
chr3,82376721,AFR,1,31.0,"{26: 31, 21: 31, 16: 31, 20: 31}",LINC02008
chr3,174167593,AFR,1,17.0,"{12: 27, 7: 27, 2: 27, 9: 27}",NLGN1
chr3,182797708,AFR,1,21.0,"{16: 38, 11: 43, 6: 46, 10: 43}",ATP11B
chr3,183106482,AFR,4,92.0,"{40: 47, 50: 21}",MCCC1
chr3,188170324,AFR,2,73.0,"{40: 13, 50: 11}",LPP
chr4,1330310,AFR,2,72.0,{60: 43},MAEA
chr4,1733977,EAS,1,22.0,"{17: 26, 12: 26, 7: 26}",TACC3
chr4,8605322,AFR,4,58.0,{40: 12},"GPR78,CPZ"
chr4,11717484,AFR,2,16.0,"{11: 13, 6: 13, 1: 229, 8: 13}",
chr4,12027188,AFR,1,31.0,"{26: 15, 21: 25, 16: 57, 22: 24}",
chr4,25577074,AFR,1,23.0,"{18: 37, 13: 37, 8: 39, 15: 37}",
chr4,33758689,AFR,2,19.0,"{14: 34, 9: 120, 4: 120}",
chr4,46128322,AFR,2,18.0,"{13: 173, 8: 198, 3: 199, 9: 195}",
chr4,52584625,AFR,2,16.0,"{11: 28, 6: 28, 1: 93, 8: 28}",
chr4,52718072,AFR,2,28.0,"{23: 21, 18: 43, 13: 64, 17: 43}","LINC01618,DANCR"
chr4,55402118,AFR,1,25.0,"{20: 6, 15: 53, 10: 54, 17: 31}",TMEM165
chr4,66357155,AFR,1,19.0,"{14: 25, 9: 25, 4: 26, 11: 25}",
chr4,75561224,AFR,1,19.0,"{14: 7, 9: 11, 4: 12, 11: 11}",ODAPH
chr4,83501810,AFR,4,24.0,"{19: 49, 14: 55, 9: 57, 15: 55}",ABRAXAS1
chr4,86613632,AFR,1,19.0,"{14: 24, 9: 36, 4: 40, 10: 35}",PTPN13
chr4,105643134,AFR,1,25.0,"{20: 22, 15: 22, 10: 22, 13: 22}",ARHGEF38
chr4,113423078,AFR,2,20.0,"{15: 156, 10: 207, 5: 209}",CAMK2D
chr4,117713397,AFR,2,24.0,"{19: 40, 14: 72, 9: 76, 12: 76}",
chr4,118040846,AFR,2,16.0,"{11: 15, 6: 21, 1: 38, 8: 19}",NDST3
chr4,128775951,AFR,1,28.0,"{23: 12, 18: 12, 13: 12, 16: 12}",
chr4,134787629,AFR,1,19.0,"{14: 28, 9: 28, 4: 36, 10: 28}",
chr4,142152062,AFR,1,30.0,"{25: 14, 20: 25, 15: 36, 17: 25}",INPP4B
chr4,182037146,AFR,1,18.0,"{13: 58, 8: 58, 3: 62, 10: 58}",TENM3-AS1
chr5,4886229,AFR,2,15.0,"{10: 92, 5: 92, 0: 1786, 7: 92}",
chr5,12434906,AFR,2,15.0,"{10: 16, 5: 16, 0: 1699, 7: 16}",
chr5,20371037,AFR,1,16.0,"{11: 31, 6: 31, 1: 63, 8: 31}",CDH18
chr5,31703957,AFR,2,58.0,{40: 14},PDZD2
chr5,51369827,AFR,1,33.0,"{28: 43, 23: 52, 18: 72, 24: 52}",
chr5,65987843,AFR,1,21.0,"{16: 12, 11: 12, 6: 12}",ERBIN
chr5,72916120,AFR,1,18.0,"{13: 21, 8: 21, 3: 22, 10: 21}",TNPO1
chr5,83893356,AFR,1,17.0,"{12: 43, 7: 84, 2: 102, 9: 60}",
chr5,99611063,AFR,2,16.0,"{11: 76, 6: 76, 1: 76, 8: 76}",
chr5,109045299,AFR,2,22.0,"{17: 54, 12: 54, 7: 54, 13: 54}",FER
chr5,110401284,AFR,1,17.0,"{12: 213, 7: 213, 2: 213, 9: 213}",TMEM232
chr5,114803938,AFR,1,18.0,"{13: 49, 8: 65, 3: 67, 10: 64}",
chr5,116703154,AFR,1,17.0,"{12: 15, 7: 15, 2: 199, 9: 15}",
chr5,119202855,AFR,2,21.0,"{16: 13, 11: 178, 6: 281, 13: 129}",DMXL1
chr5,127918214,AFR,1,37.0,"{32: 25, 27: 31, 22: 69, 25: 31}",CCDC192
chr5,131412734,AFR,2,18.0,"{13: 28, 8: 86, 3: 86, 10: 49}",
chr5,134883586,AFR,1,17.0,"{12: 67, 7: 82, 2: 84, 9: 67}",TXNDC15
chr5,157951080,AFR,1,17.0,"{12: 19, 7: 19, 2: 51, 9: 19}",
chr5,164316510,SAS,1,20.0,"{15: 15, 10: 15, 5: 15}",LINC03000
chr5,172061971,AFR,1,23.0,"{18: 14, 13: 14, 8: 37, 15: 14}",STK10
chr5,172251313,AFR,1,25.0,"{20: 61, 15: 73, 10: 78, 17: 61}",UBTD2
chr5,177207594,AFR,1,29.0,"{24: 8, 19: 19, 14: 41, 21: 11}",NSD1
chr6,9123672,AFR,2,18.0,"{13: 86, 8: 115, 3: 125, 9: 89}",HULC
chr6,13705867,AFR,1,27.0,"{22: 12, 17: 18, 12: 36, 18: 18}",RANBP9
chr6,18281433,AFR,1,28.0,"{23: 109, 18: 203, 13: 210, 20: 182}",
chr6,47281832,AFR,1,17.0,"{12: 154, 7: 154, 2: 154, 9: 154}",TNFRSF21
chr6,49558058,AFR,1,28.0,"{23: 15, 18: 16, 13: 16, 16: 16}",C6orf141
chr6,52680585,EUR,2,85.0,{70: 12},TMEM14A
chr6,75180563,AFR,2,22.0,"{17: 37, 12: 42, 7: 44, 11: 42}",COL12A1
chr6,75181928,AFR,1,19.0,"{14: 48, 9: 48, 4: 48, 10: 48}",COL12A1
chr6,86111186,AFR,1,18.0,"{13: 29, 8: 65, 3: 65, 9: 31}",
chr6,87332321,AFR,2,18.0,"{13: 32, 8: 36, 3: 83, 10: 34}",SMIM8
chr6,106516240,AFR,1,18.0,"{13: 13, 8: 13, 3: 13, 9: 13}",CRYBG1
chr6,114519343,AFR,2,20.0,"{15: 14, 10: 14, 5: 14}",
chr6,125661300,AFR,1,22.0,"{17: 20, 12: 29, 7: 30}",HEY2-AS1
chr6,149498820,AFR,1,19.0,"{14: 19, 9: 19, 4: 19}",
chr6,149634275,AFR,5,76.0,"{40: 26, 50: 13}",KATNA1
chr6,163084851,EAS,2,50.0,"{40: 21, 50: 21}",PACRG
chr6,163197420,AFR,1,36.0,"{31: 35, 26: 42, 21: 42, 24: 42}",PACRG
chr6,166480521,AFR,1,26.0,"{21: 11, 16: 19, 11: 27, 18: 14}",RPS6KA2
chr7,5433752,AFR,1,22.0,"{17: 7, 12: 11, 7: 127, 14: 11}",FBXL18
chr7,36183876,AFR,1,23.0,"{18: 4, 13: 16, 8: 16, 15: 16}",EEPD1
chr7,73980209,AFR,1,19.0,"{14: 17, 9: 17, 4: 89, 11: 17}",
chr7,96084428,EAS,1,19.0,"{14: 15, 9: 15, 4: 15, 10: 15}",DYNC1I1
chr7,108960438,AFR,2,18.0,"{13: 27, 8: 44, 3: 65, 10: 37}",
chr7,111142336,AFR,4,58.0,{40: 17},IMMP2L
chr7,131660715,AFR,1,24.0,"{19: 26, 14: 51, 9: 51, 13: 51}",
chr7,138501888,AFR,1,21.0,"{16: 28, 11: 28, 6: 28, 12: 28}",TRIM24
chr7,149448579,AFR,2,76.0,"{50: 38, 60: 16}",ZNF777
chr7,153253117,AFR,2,18.0,"{13: 12, 8: 12, 3: 12, 9: 12}",
chr8,8507672,AFR,1,31.0,"{26: 17, 21: 61, 16: 76, 20: 62}",
chr8,12950537,AFR,4,39.0,"{34: 4, 29: 12, 24: 14, 23: 14}",TRMT9B
chr8,14240323,AFR,1,18.0,"{13: 2, 8: 19, 3: 42, 10: 11}",SGCZ
chr8,18153935,AFR,2,17.0,"{12: 43, 7: 70, 2: 88, 9: 59}",
chr8,18923886,AFR,2,29.0,"{24: 51, 19: 51, 14: 51, 15: 51}",PSD3
chr8,19577402,AFR,1,26.0,"{21: 36, 16: 66, 11: 68, 17: 55}",CSGALNACT1
chr8,54185443,AFR,1,19.0,"{14: 30, 9: 35, 4: 35, 10: 35}",
chr8,75425553,SAS,2,16.0,"{11: 16, 6: 16, 1: 16, 8: 16}",HNF4G
chr8,98906990,AFR,1,32.0,"{27: 11, 22: 11, 17: 31, 23: 11}",STK3
chr8,102605194,AFR,1,21.0,"{16: 25, 11: 89, 6: 94}",
chr8,122081362,AFR,1,19.0,"{14: 12, 9: 32, 4: 33, 10: 32}",
chr8,124602152,AFR,1,21.0,"{16: 13, 11: 15, 6: 15}",MTSS1
chr8,136392509,AFR,1,20.0,"{15: 20, 10: 20, 5: 20}",LINC02055
chr8,137950238,AFR,1,35.0,"{30: 54, 25: 124, 20: 375, 27: 56}",
chr9,3519935,AFR,1,18.0,"{13: 28, 8: 28, 3: 28, 9: 28}",RFX3
chr9,9825396,AFR,2,64.0,{40: 14},PTPRD
chr9,21916080,AFR,4,55.0,{40: 12},MTAP
chr9,24161965,AFR,2,19.0,"{14: 52, 9: 66, 4: 92, 11: 66}",
chr9,25745620,AFR,2,20.0,"{15: 15, 10: 16, 5: 16}",
chr9,30780736,AFR,1,30.0,"{25: 95, 20: 95, 15: 95, 16: 95}",
chr9,124637893,SAS,1,19.0,"{14: 29, 9: 29, 4: 29, 10: 29}",NR6A1
