PrimerID,SampleID,Cap
C9orf72,HG00268,"4,8"
C9orf72,HG00731,"2,11"
C9orf72,HG00732,"2,6"
C9orf72,HG00766,"2,13"
C9orf72,HG01112,"2,2"
C9orf72,HG01113,"2,6"
C9orf72,HG01119,"2,6"
C9orf72,HG02970,"2,10"
C9orf72,HG03736,"2,6"
C9orf72,NA12877,"2,2"
C9orf72,NA12878,"2,5"
C9orf72,NA12879,"2,5"
C9orf72,NA12880,"2,2"
C9orf72,NA12881,"2,5"
C9orf72,NA12882,"2,5"
C9orf72,NA12883,"2,5"
C9orf72,NA12884,"2,2"
C9orf72,NA12885,"2,2"
C9orf72,NA12886,"2,5"
C9orf72,NA12887,"2,2"
C9orf72,NA12888,"2,2"
C9orf72,NA12889,"2,2"
C9orf72,NA12890,"2,2"
C9orf72,NA12891,"2,5"
C9orf72,NA12892,"2,5"
C9orf72,NA12893,"5,5"
C9orf72,NA18488,"2,14"
C9orf72,NA18939,"1,1"
C9orf72,NA18940,"2,6"
C9orf72,NA18941,"6,7"
C9orf72,NA18942,"3,3"
C9orf72,NA19238,"5,6"
C9orf72,NA19239,"2,2"
C9orf72,NA19434,"4,10"
C9orf72,NA20503,"2,8"
C9orf72,NA20504,"2,2"
C9orf72,NA20505,"2,2"
C9orf72,NA20506,"2,8"
C9orf72,NA20846,"2,9"
C9orf72,NA20847,"2,2"
C9orf72,NA20849,"2,2"
C9orf72,NA20862,"4,4"
C9orf72,NA24143,"2,2"
C9orf72,NA24149,"2,2"
C9orf72,NA24385  ,"2,2"
C9orf72,NA24631,"2,2"
C9orf72,NA24694 ,"2,2"
C9orf72,NA24695,"2,6"
FMR1,HG00112,"21,21"
FMR1,HG00268,"23,33"
FMR1,HG00731,"30,30"
FMR1,HG00732,"30,30"
FMR1,HG00766,"29,32"
FMR1,HG01113,"29,30"
FMR1,HG01119,"31,31"
FMR1,HG02970,"30,30"
FMR1,HG03736,"33,33"
FMR1,NA12877,"31,31"
FMR1,NA12878,"30,31"
FMR1,NA12879,"31,31"
FMR1,NA12880,"31,31"
FMR1,NA12881,"30,31"
FMR1,NA12882,"30,30"
FMR1,NA12883,"31,31"
FMR1,NA12884,"30,30"
FMR1,NA12885,"31,31"
FMR1,NA12886,"30,30"
FMR1,NA12887,"31,31"
FMR1,NA12888,"30,30"
FMR1,NA12889,"20,20"
FMR1,NA12890,"29,31"
FMR1,NA12891,"31,31"
FMR1,NA12892,"30,31"
FMR1,NA12893,"31,31"
FMR1,NA18488,"25,34"
FMR1,NA18939,"30,30"
FMR1,NA18940,"31,30"
FMR1,NA18941,"30,31"
FMR1,NA18942,"30,30"
FMR1,NA19238,"23,32"
FMR1,NA19239,"31,31"
FMR1,NA19434,"29,36"
FMR1,NA20503,"31,31"
FMR1,NA20504,"34,41"
FMR1,NA20505,"24,31"
FMR1,NA20506,"32,32"
FMR1,NA20846,"30,30"
FMR1,NA20847,"31,31"
FMR1,NA20849,"31,31"
FMR1,NA20862,"31,31"
FMR1,NA24143,"31,32"
FMR1,NA24149,"30,30"
FMR1,NA24385,"32,32"
FMR1,NA24631,"30,30"
FMR1,NA24694,"31,30"
FMR1,NA24695,"30,31"
HTT,HG00268,"17,28"
HTT,HG00731,"17,18"
HTT,HG00732,"15,21"
HTT,HG00766,"17,17"
HTT,HG01112,"15,20"
HTT,HG01113,"18,24"
HTT,HG01119,"15,18"
HTT,HG02970,"16,20"
HTT,HG03736,"17,17"
HTT,NA12877,"17,17"
HTT,NA12878,"16,18"
HTT,NA12879,"17,18"
HTT,NA12880,"17,18"
HTT,NA12881,"17,18"
HTT,NA12882,"16,17"
HTT,NA12883,"17,18"
HTT,NA12884,"17,18"
HTT,NA12885,"17,18"
HTT,NA12886,"17,18"
HTT,NA12887,"16,17"
HTT,NA12888,"16,17"
HTT,NA12889,"17,23"
HTT,NA12890,"17,18"
HTT,NA12891,"18,18"
HTT,NA12892,"16,21"
HTT,NA12893,"16,17"
HTT,NA18488,"15,22"
HTT,NA18939,"17,17"
HTT,NA18940,"17,17"
HTT,NA18941,"17,17"
HTT,NA18942,"17,17"
HTT,NA19238,"15,16"
HTT,NA19239,"15,16"
HTT,NA19434,"14,15"
HTT,NA20503,"17,17"
HTT,NA20504,"18,18"
HTT,NA20505,"16,22"
HTT,NA20506,"15,26"
HTT,NA20846,"17,17"
HTT,NA20847,"17,17"
HTT,NA20849,"21,23"
HTT,NA20862,"15,22"
HTT,NA24143,"17,24"
HTT,NA24149,"17,17"
HTT,NA24385  ,"17,24"
HTT,NA24631,"18,18"
HTT,NA24694 ,"17,18"
HTT,NA24695,"17,17"
