PrimerID,RefProductSize,NA12890,NA18941,NA12892,NA20504,HG02970,HG00732,NA24631,NA18940,HG01119,NA12881,NA19434,NA18942,NA24143,NA12883,NA12891,NA19239,NA12877,NA20505,NA20846,HG00731,NA20847,NA24385,NA12889,NA20503,NA20506,NA12884,NA24694,HG01113,NA12885,HG03736,NA24695,HG00268,NA12882,NA12893,NA24149,NA12887,NA18488,NA12878,HG00766,NA20862,NA20849,NA12879,NA12880,HG01112,NA12886,NA18939,NA19238,NA12888
ATN1,158,136.88/154.33,139.72/151.4,151.47/157.35,142.73/160.28,133.99/133.99,151.44/157.27,151.49/163.15,151.45/160.21,145.68/151.48,151.5/160.28,142.71/154.43,142.73/160.28,131.08/145.99,151.42/160.21,136.8/151.42,142.71/151.45,136.84/160.28,139.79/166.03,131.1/157.37,131.05/157.34,131.08/151.46,145.55/151.37,154.38/160.28,151.45/154.38,151.45/183.44,136.93/151.5,136.87/163.09,145.88/154.45,136.91/151.5,142.7/171.84,151.5/157.36,154.29/157.22,151.49/160.28,151.46/154.38,151.53/151.53,151.49/160.28,142.72/148.57,151.42/151.42,136.84/151.4,131.06/151.49,142.65/151.42,136.8/151.42,136.9/151.5,151.39/151.39,151.49/160.28,136.87/157.31,131.06/134,151.5/160.28
ATXN10,210,198.31/203.35,202.93/208.01,198.22/203.37,208/213.12,197.78/207.97,202.93/202.93,208.41/208.41,208.01/218.49,202.93/208.01,203.29/208.44,197.84/207.97,213.19/218.42,198.22/203.35,198.19/203.24,213.56/218.86,208.01/208.01,198.23/208.45,207.93/223.63,202.87/213.12,202.92/208,207.99/213.19,198.24/217.98,203.29/208.44,197.83/213.12,208.01/208.01,208.47/217.88,223.01/243.14,197.84/207.99,198.23/217.85,208.01/233.8,208.38/208.38,208.01/218.56,208.47/217.88,203.29/208.44,208.47/217.95,208.44/217.88,197.84/202.88,203.35/217.88,192.67/213.13,202.84/218.42,197.78/202.86,198.24/217.88,198.22/217.85,207.97/218.55,198.31/203.33,197.84/218.47,202.95/208.06,208.44/217.8
C9orf72,161,146.93/146.93,170.25/170.25,147.22/164.87,147.18/147.18,146.93/146.93,146.93/146.93,146.94/146.94,146.91/146.91,147.17/147.17,147.2/164.86,158.86/158.86,147.18/147.18,147.17/147.17,146.86/64.49,146.86/164.48,146.91/146.91,147.2/147.2,146.91/146.91,147.18/147.18,146.93/146.93,147.17/147.17,146.83/146.83,147.17/147.17,147.17/147.17,146.91/146.91,147.2/147.2,146.91/146.91,147.17/147.17,147.2/147.2,146.89/146.89,147.2/147.2,158.26/158.26,146.94/64.49,164.8/164.8,147.18/147.18,146.94/146.94,147.15/147.15,146.93/164.49,146.7/146.7,158.66/158.66,146.94/146.94,146.86/164.49,147.2/147.2,146.83/146.83,146.94/164.49,147.15/147.15,162.04/162.04,147.2/147.2
CACNA1A,159,148.44/154.19,146.6/152.41,148.4/154.13,152.5/152.5,134.96/152.34,146.63/152.45,152.47/152.47,146.49/155.25,152.45/152.45,148.59/157.21,132.15/146.6,146.72/161.25,146.6/149.5,148.58/148.58,148.36/151.24,146.49/146.49,148.55/157.22,149.36/152.31,152.5/152.5,146.69/146.69,152.49/152.49,146.73/146.73,151.35/157.07,146.65/152.49,146.56/146.56,148.56/157.15,152.49/152.49,146.69/149.57,151.43/157.2,134.97/146.55,152.49/152.49,146.58/146.58,148.62/148.62,148.48/148.48,146.37/149.23,151.51/157.28,146.65/146.65,148.62/151.51,152.27/152.27,146.31/152.09,146.48/146.48,151.5/157.3,151.42/157.22,146.53/146.53,148.62/151.51,146.65/152.49,146.65/149.54,148.54/148.54
DMPK,909,857.67/894.21,861.9/883.74,857.77/885.35,883.89/883.89,883.47/886.69,858.75/862.0,884.33/893.76,883.79/905.16,862.03/902.15,858.14/882.82,861.9/883.82,880.45/883.87,860/878.73,857.86/857.86,875.82/882.14,880.35/883.69,858.14/882.82,889.4/895.74,883.66/889.96,883.71/886.99,862.03/880.72,878.45/878.45,876.3/882.39,862.05/914.7,883.71/883.71,858.14/882.82,890.52/893.97,883.66/886.9,882.63/882.63,861.89/895.79,884.71/884.71,861.8/883.71,857.86/857.86,857.83/857.83,878.3/884.81,882.2/882.2,877.45/883.85,858.14/882.82,861.75/889.72,861.61/880.18,880.35/880.35,858.14/882.82,858.14/882.82,883.53/883.53,857.86/857.86,886.75/892.93,862.03/880.62,858.14/858.14
FXN,318,323.41/323.41,318.13/321.14,323.4/323.4,321.09/324.02,318.13/318.13,318.07/318.07,318.18/318.18,315.07/318.07,324.06/324.06,320.63/323.58,318.13/318.13,321.08/324.0,321.08/321.08,320.49/323.35,323.34/323.34,321.14/323.99,320.63/323.49,321.15/322.1,323.99/323.99,318.11/323.93,323.99/344.98,321.21/324.05,320.49/338.67,323.85/323.85,318.11/331.6,320.7/323.63,318.13/321.14,323.99/323.99,320.57/323.52,318.13/321.01,318.07/321.08,318.11/323.93,320.7/323.64,320.56/322.48,323.91/356.46,323.41/323.41,311.13/320.13,322.64/322.64,321.07/322.02,318.11/323.93,323.97/323.97,320.77/322.63,320.49/323.34,318.13/323.91,320.56/323.42,318.2/324.0,318.2/319.2,323.58/323.58
HTT,122,110.7/113.54,111.14/111.14,107.77/122.26,114.07/117.04,108.19/119.93,105.26/122.76,114.14/114.14,111.14/111.14,105.29/114.14,110.77/113.69,102.34/105.26,111.18/111.18,110.77/131.22,110.7/113.54,113.54/113.54,105.33/108.24,110.77/110.77,108.29/125.65,111.24/111.24,111.12/114.07,111.19/111.19,111.18/131.57,110.7/128.02,111.19/111.19,105.26/137.28,110.84/113.54,110.84/113.77,114.14/131.48,110.75/113.61,111.2/111.2,111.18/114.07,111.14/143.0,107.81/110.76,107.82/110.76,110.77/110.77,107.77/110.7,105.33/125.74,107.81/113.69,111.13/114.07,105.26/125.72,122.76/128.6,110.84/113.77,110.62/113.54,105.31/119.86,110.7/113.62,111.18/111.18,108.28/108.28,107.87/110.75
JPH3,135,132.2/138.26,133.02/136.03,132.26/138.28,133.03/139.02,132.93/135.94,132.92/138.95,134.37/140.38,132.95/135.96,133.01/133.01,138.41/138.41,114.86/132.95,133.03/133.03,134.37/140.38,138.41/138.41,132.2/138.26,132.94/132.94,138.34/138.34,132.99/132.99,132.93/141.97,132.92/132.92,132.97/139.09,140.38/140.38,138.33/141.44,138.96/138.96,132.94/135.95,138.33/138.33,132.33/140.38,132.99/139.02,132.34/138.33,117.94/138.96,134.37/134.37,132.84/138.89,138.33/138.33,138.33/138.33,134.37/140.38,138.33/138.33,133.08/133.08,132.37/138.34,135.9/135.9,138.96/141.97,120.0/120.0,132.33/138.41,132.34/138.35,138.96/138.96,138.4/138.4,136.01/136.01,139.23/139.23,138.33/138.33
PPP2R2B,168,163.81/163.81,178.79/184.52,163.81/163.81,166.5/176.04,178.79/190.3,175.99/178.85,172.83/182.51,166.39/176.0,166.48/181.76,163.81/163.81,176.0/176.0,166.45/166.45,163.72/188.24,163.57/176.02,176.02/181.76,160.69/166.39,163.72/163.72,166.41/178.84,176.04/181.77,166.41/166.41,178.85/181.7,163.72/188.24,163.81/163.81,166.48/181.77,181.76/196.12,163.57/176.24,182.46/188.24,166.48/184.67,163.81/163.81,181.75/187.46,172.78/182.38,166.35/166.35,163.81/163.81,163.81/163.81,163.72/188.24,163.81/163.81,176.05/178.91,163.81/176.3,181.62/190.24,176.0/181.69,166.41/166.41,163.81/163.81,163.81/163.81,166.36/181.69,163.81/163.81,166.48/184.67,166.44/175.99,163.74/176.23
SCA1,230,236.02/239.02,224.27/230.14,233.04/238.95,238.89/238.89,224.12/238.97,235.97/235.97,230.03/230.03,224.26/224.26,233.0/250.99,233.05/233.05,230.21/251.12,224.18/233.08,230.04/235.96,233.07/233.07,233.08/235.97,224.16/247.95,233.05/238.96,233.13/244.94,233.07/233.07,227.07/235.94,230.04/233.07,233.11/236.04,233.05/235.95,233.01/235.83,233.11/236.04,233.01/238.9,224.29/230.06,230.01/244.9,233.05/236.01,227.22/230.1,230.0/241.88,230.06/235.98,233.07/239.02,233.0/233.0,233.05/236.01,236.09/239.02,232.97/235.98,233.09/236.03,224.17/230.0,227.2/238.97,236.06/238.97,233.17/239.1,236.03/239.03,227.24/230.11,233.09/236.03,211.87/229.97,224.03/235.98,236.01/238.96
SCA3,120,145.02/153.74,115.51/145.43,142.12/156.62,136.69/142.56,115.51/145.43,115.5/159.93,114.79/114.79,115.45/115.45,136.69/142.54,145.1/153.81,142.47/154.13,115.54/160.0,114.79/153.45,142.21/153.81,115.14/145.02,127.02/127.02,142.2/153.76,115.46/136.64,142.56/154.23,139.58/142.55,115.54/142.56,141.83/153.45,133.39/142.2,115.51/154.18,127.07/142.47,145.15/153.76,114.86/114.86,115.51/142.55,142.21/145.11,115.51/129.9,114.79/133.13,115.49/142.45,142.21/142.21,142.2/142.2,136.2/142.13,142.22/153.79,168.69/171.6,142.21/145.11,151.11/154.04,115.51/133.69,115.51/136.69,142.28/153.84,142.2/153.76,142.52/154.17,142.22/142.22,145.47/160.0,115.52/139.65,145.12/153.79
SCA7,308,292.64/292.64,294.63/294.63,292.5/298.27,294.99/303.57,294.66/294.66,294.55/300.37,292.39/298.14,294.76/294.76,294.55/294.55,292.18/297.93,294.57/294.57,295.05/295.05,292.52/301.15,292.56/298.27,292.69/292.69,294.63/297.54,291.77/291.77,300.43/300.43,294.99/294.99,294.55/294.55,295.04/295.04,292.61/301.3,292.25/292.25,295.04/300.74,294.57/300.31,292.44/298.2,292.61/292.61,294.05/305.53,292.25/292.25,294.56/294.56,292.71/298.41,294.55/294.55,292.54/298.26,292.36/292.36,292.56/292.56,292.63/292.63,297.97/297.97,292.15/297.85,294.51/294.51,295.04/295.04,294.56/300.31,292.2/292.2,292.04/292.04,300.13/300.13,292.62/292.62,300.87/300.87,295.06/295.06,292.43/292.43
chr10_57337770_CA,217,199.85/205.63,203.61/205.57,201.77/201.77,203.69/205.57,203.58/207.49,205.5/209.39,203.67/205.59,197.88/203.61,203.65/209.44,207.61/207.61,200/201.94,199.77/203.62,205.59/209.45,201.87/207.64,201.76/207.52,201.71/217.24,199.93/207.58,205.57/209.5,205.57/205.57,205.58/205.58,201.72/205.55,205.56/209.47,203.6/207.51,203.67/207.45,199.77/201.73,207.52/207.52,203.7/211.45,203.6/205.56,201.77/207.55,205.57/207.54,205.65/209.47,203.58/205.53,199.85/201.77,199.85/207.53,205.58/205.58,207.56/207.56,201.72/201.72,201.77/207.63,207.46/207.46,203.58/207.41,203.66/209.45,207.53/207.53,201.78/207.52,201.72/205.56,199.85/207.56,205.53/209.49,199.77/205.56,199.85/207.61
chr10_72427734_AT,222,199.33/221.7,217.51/217.51,199.33/199.33,199.24/219.61,199.17/199.17,199.17/199.17,217.62/217.62,219.61/221.64,199.24/211.34,199.33/199.33,211.35/231.51,217.56/219.61,199.33/219.69,199.4/199.4,199.33/199.33,217.48/231.58,199.33/199.33,199.24/199.24,199.32/217.51,199.25/199.25,199.24/229.66,219.69/219.69,199.33/217.66,199.24/223.68,199.24/221.64,199.32/199.32,217.62/217.62,199.24/199.24,199.4/199.4,223.59/231.52,217.66/217.66,199.25/219.61,199.33/199.33,199.33/199.33,219.77/221.77,199.33/199.33,199.24/199.24,199.33/199.33,217.48/219.61,199.24/219.61,215.4/219.61,199.33/199.33,199.32/199.32,199.24/217.55,199.33/199.33,217.51/217.51,199.24/199.24,199.4/199.4
chr11_2442377_AC,184,178.27/180.23,182.07/182.07,180.23/180.23,180.15/180.15,182.13/185.92,176.38/182.16,180.22/185.96,178.25/182.06,178.25/180.23,180.23/180.23,174.45/176.35,178.32/180.23,184.05/184.05,180.23/182.19,180.15/180.15,176.35/176.35,180.23/182.11,180.15/180.15,176.4/180.23,180.15/180.15,180.23/180.23,184.05/184.05,178.34/182.19,176.4/180.23,180.15/182.06,180.23/182.2,180.23/186.01,182.14/184.05,180.23/182.12,176.34/183.98,178.33/180.23,180.15/182.06,180.23/182.11,180.23/180.23,180.15/184.0,180.23/180.23,172.56/180.15,180.23/180.23,174.43/182.07,180.15/180.15,178.25/184.03,180.15/180.15,180.23/182.12,180.15/182.07,180.23/182.18,176.34/182.06,174.4/178.24,180.23/182.13
chr11_36246191_AATA,209,203.84/203.84,203.77/207.71,203.88/207.87,207.74/215.79,203.81/211.67,191.88/207.71,200/203.87,203.77/207.71,203.76/207.69,203.93/203.93,195.96/203.76,203.79/203.79,192.08/199.93,192.01/203.84,203.86/207.82,203.77/203.77,192.12/203.94,203.76/207.69,207.71/207.71,199.85/207.71,199.85/215.8,192.06/207.8,192.12/203.87,192.01/192.01,207.71/207.71,203.88/207.8,202.87/203.83,207.62/207.62,203.93/207.89,191.89/191.89,200.07/203.95,199.78/203.72,192.13/203.91,203.94/207.9,203.91/207.85,203.91/203.91,207.71/207.71,203.91/207.77,203.72/207.69,191.94/211.72,191.97/203.85,203.91/207.77,192.06/203.88,203.76/207.69,203.87/203.87,203.84/203.84,203.77/207.71,192.09/207.86
chr11_63798227_AC,250,235.59/249.04,235.49/235.49,235.62/245.18,235.49/237.4,235.49/247.01,235.45/248.96,235.54/235.54,235.49/235.49,235.5/250.87,235.63/235.63,235.46/258.61,243.06/245,247.13/251.02,235.57/235.57,235.63/235.63,246.96/254.71,235.61/235.61,235.54/248.96,235.43/235.43,235.51/235.51,235.49/235.49,235.56/250.99,235.59/235.59,235.45/245,235.47/248.96,235.59/245.22,235.59/235.59,235.49/235.49,235.63/245.22,235.46/252.8,235.6/235.6,235.49/235.49,235.59/235.59,235.63/245.19,235.59/250.95,235.56/235.56,237.4/248.96,235.59/245.15,235.47/235.47,237.36/246.96,235.47/250.88,235.59/245.15,235.62/235.62,235.49/235.49,235.63/235.63,235.49/235.49,235.49/237/39,235.61/245.23
chr11_85908552_TAGA,228,217.93/217.93,222/222,222.08/226.07,225.87/229.92,225.95/233.82,221.83/225.76,225.99/229.96,205.76/225.99,221.94/225.94,222.08/226.05,205.69/225.84,225.95/225.95,217.93/226.02,221.99/225.95,222.08/226.05,217.85/221.84,217.93/222.08,225.9/225.9,221.83/225.76,221.83/225.76,225.91/225.91,217.98/222.01,217.92/221.99,222/225.87,221.83/225.76,222.07/226.04,209.79/230.04,225.85/225.85,217.98/226.08,217.9/221.93,205.97/226.05,221.83/225.76,217.98/226.11,218.05/226.05,222.07/222.07,217.98/226.05,205.76/221.93,226.04/226.04,221.83/221.83,221.93/225.92,205.7/213.7,222.07/226.04,222.08/226.07,217.91/221.91,218.0/226.04,222/225.99,221.83/225.76,222.08/226.06
chr12_70011632_AG,238,239.71/240.67,240.52/248.37,228.17/244.55,229.11/246.52,229.07/236.67,232.84/238.57,233.9/243.58,234.77/256.24,248.38/248.38,243.56/255.37,227.08/248.37,229.04/238.63,233.87/233.87,228.13/255.3,228.13/251.4,229.02/234.75,239.79/255.33,240.67/240.67,234.81/246.42,242.43/254.31,229.07/234.74,233.79/245.48,240.67/256.33,229.11/246.44,229.04/240.59,228.17/239.71,228.14/243.59,229.08/229.08,243.56/255.3,229.05/238.57,233.88/251.39,234.61/246.33,243.53/257.23,228.1/239.71,245.52/249.48,243.48/255.26,238.64/248.43,228.2/243.53,234.76/238.59,234.75/246.37,246.45/250.36,228.08/239.64,228.16/239.71,229.02/234.79,243.56/255.34,228.99/234.74,229.08/234.82,243.58/255.38
chr13_102648430_GT,229,228.92/233.03,214.62/233.54,228.93/228.93,214.62/214.62,216.8/216.8,229.39/241.76,230.93/230.93,214.63/239.61,233.53/233.53,214.16/232.97,214.68/235.57,214.62/214.62,214.08/228.85,214.08/214.08,214.15/214.15,216.83/229.43,214.08/233.01,233.52/235.54,214.62/214.62,214.62/214.62,214.62/214.62,214.08/214.08,214.08/214.08,214.62/231.46,214.62/229.42,214.08/228.9,214.08/230.99,227.33/241.7,228.9/232.97,231.48/233.53,214.08/230.94,214.61/237.62,228.92/233.03,214.15/214.15,214.08/214.08,214.08/232.98,233.51/235.56,214.16/228.93,214.62/233.46,229.42/229.42,214.68/229.4,214.08/214.08,214.08/233.01,214.62/216.8,228.89/232.99,233.49/233.49,214.62/233.58,214.08/232.97
chr13_75404064_AC,241,237.11/252.43,236.66/236.66,237.13/252.49,251.1/251.1,251.12/254.91,236.66/254.92,237.04/237.04,236.64/236.64,236.71/254.95,237.07/237.07,236.52/254.92,236.7/236.7,237.12/237.12,237.11/237.11,237.09/254.36,240.4/254.91,237.06/237.06,236.64/236.64,236.65/236.65,236.71/262.46,236.72/236.72,237.13/237.13,237.13/239.0,236.7/254.91,236.65/238.48,237.07/237.07,237.06/237.06,236.64/236.64,237.07/237.07,236.65/238.48,237.07/237.07,236.67/251.02,237.11/237.11,237.1/237.1,237.13/254.39,237.08/237.08,240.46/249.15,237.13/237.13,236.58/236.58,236.65/238.55,236.68/236.68,237.13/237.13,237.13/237.13,251.09/254.79,237.12/237.12,236.69/236.69,240.46/264.5,237.07/237.07
chr13_81527591_CTAT,304,301.75/308.67,310.28/314.46,301.76/309.84,306.24/310.32,302.2/306.2,310.28/310.28,309.84/309.84,310.31/314.41,310.31/310.31,301.82/308.7,310.28/310.28,306.27/313.3,309.85/309.85,309.89/309.89,305.79/309.76,302.14/310.24,309.78/309.78,302.2/306.19,310.27/314.4,302.1/306.14,306.31/314.46,309.84/313.85,305.81/309.91,298.25/310.38,310.27/310.27,301.69/309.92,309.89/309.89,310.32/314.4,301.82/308.7,306.25/314.4,309.87/309.87,310.23/310.23,309.9/309.9,309.89/309.89,313.85/313.85,309.78/309.78,302.21/306.18,301.82/309.86,305.09/313.29,306.21/310.27,306.24/306.24,309.81/309.81,309.86/309.86,306.13/306.13,301.84/308.73,306.27/309.2,298.19/314.4,309.78/309.78
chr15_53480481_AC,318,309.69/317.69,319.77/319.77,311.72/325.62,319.84/323.75,317.69/327.54,315.63/317.74,303.9/319.77,319.77/319.77,311.72/311.72,309.75/319.77,317.61/325.56,311.64/319.84,315.61/319.77,309.77/317.69,309.69/321.68,317.69/317.69,317.74/319.84,311.66/319.77,311.64/311.64,311.72/319.77,313.63/317.74,315.59/319.7,319.77/319.77,321.77/325.71,315.63/325.68,309.75/317.69,303.93/311.67,311.65/311.65,309.75/317.77,321.6/321.6,319.77/319.77,319.69/325.57,309.66/319.77,319.84/325.7,315.61/315.61,309.69/319.69,300.21/315.63,309.69/325.66,319.77/323.72,315.63/319.77,315.61/319.77,309.77/317.77,317.74/325.64,315.52/325.45,317.69/325.59,307.73/319.84,309.68/313.56,317.74/325.64
chr15_80839290_GT,202,205.5/213.85,218.13/218.13,207.55/213.92,203.43/207.49,205.46/220.3,205.46/205.46,207.56/207.56,205.48/209.65,207.44/218.13,213.92/216.11,209.43/215.87,218.21/218.21,205.46/207.55,213.85/215.95,213.85/213.85,205.39/211.74,205.44/216.05,205.46/207.47,205.5/207.6,203.43/207.49,205.46/205.46,207.56/207.56,207.64/216.03,203.43/207.49,207.52/207.52,213.92/215.97,207.52/215.87,205.5/209.62,213.92/216.03,205.28/218.05,207.55/207.55,205.49/209.61,213.92/216.08,213.92/216.11,207.52/207.52,213.85/216.03,205.46/209.6,213.85/213.85,207.56/216.0,207.56/207.56,205.46/219.46,213.85/216.03,205.52/213.85,207.4/207.4,205.5/213.85,207.44/213.92,221.42/225.57,205.52/213.85
chr16_62573638_AATA,262,258.02/258.02,257.96/257.96,258.02/261.92,250.07/258.0,254.02/257.96,254.05/258.02,257.9/257.9,250.15/261.9,257.94/257.94,258.02/258.02,250.0/257.89,258.0/258.0,257.96/265.64,258.02/258.02,258.02/261.91,257.96/257.96,258.02/258.02,257.96/261.9,258.02/258.02,257.93/257.93,257.95/257.95,257.96/257.96,258.02/258.02,258.0/261.92,250.07/257.95,258.0/258.0,250.07/257.95,258.0/258.0,258.02/258.02,257.81/257.81,250.07/258.02,257.93/257.93,257.96/257.96,258.0/258.0,250.07/258.04,258.02/258.02,250.15/254.05,257.96/257.96,261.9/261.9,250.07/258.0,257.96/257.96,257.94/257.94,258.0/258.0,257.83/257.83,257.96/257.96,250.15/258.02,250.15/258.02,258.0/258.0
chr17_8128309_TAGA,395,401.41/401.41,397.43/401.32,393.49/393.49,385.45/409.4,397.43/401.32,393.43/401.4,393.52/405.4,385.42/397.43,389.34/401.32,393.49/401.47,393.43/401.4,389.34/393.43,393.49/409.38,393.44/401.41,393.44/401.4,389.34/401.32,389.52/401.49,397.42/405.36,393.43/401.4,397.43/405.32,389.47/397.48,389.48/409.31,389.55/397.5,397.43/401.32,401.33/401.33,389.55/393.49,397.38/405.35,393.43/401.4,389.48/393.49,389.34/397.43,393.56/393.56,405.32/409.32,389.45/397.51,393.56/401.49,389.48/401.41,389.44/393.44,389.34/405.32,393.46/393.46,393.43/401.4,401.46/401.46,393.41/393.41,393.45/401.39,393.49/401.41,389.34/401.32,389.44/393.51,405.32/409.32,389.34/401.32,389.51/393.54
chr18_38020886_TCTA,405,397.44/401.47,398.04/402.07,397.49/401.48,402.13/406.16,398.05/406.11,398.09/402.11,397.44/401.47,398.05/402.04,398.09/402.13,397.42/397.42,398.03/402.07,402.13/402.13,397.5/401.48,393.37/397.36,393.35/401.48,402.1/402.1,397.49/397.49,394.02/402.1,398.15/402.13,402.13/402.13,381.86/398.1,397.36/397.36,397.43/397.43,402.13/402.13,402.07/402.07,393.4/397.49,401.48/401.48,398.09/406.14,393.4/397.49,402.12/406.13,397.48/401.48,402.06/402.06,393.38/397.44,393.4/397.49,397.43/401.41,393.34/397.43,389.92/406.12,393.37/397.43,398.06/402.05,398.09/402.13,406.08/406.08,393.34/397.43,393.35/397.43,398.03/402.07,393.36/397.43,398.09/402.13,394.01/398.09,393.35/397.43
chr1_106950468_GT,193,184.08/188.22,183.97/192.42,184.08/186.19,183.97/183.97,177.64/188.16,183.95/190.25,184.1/190.35,192.42/192.42,183.98/188.18,177.8/184.07,183.97/183.97,183.98/190.25,184.05/192.49,184.08/197.69,177.75/194.55,188.12/194.48,184.08/197.76,183.95/188.12,183.98/188.18,183.95/183.95,183.97/188.15,184.05/184.05,184.04/197.69,183.99/192.39,184.03/192.36,177.81/184.09,186.16/190.36,183.98/183.98,177.74/197.69,183.97/183.97,184.09/190.36,183.95/194.49,184.06/184.06,184.07/197.68,184.08/184.08,177.74/184.08,177.7/177.7,177.75/184.06,184.01/194.51,183.97/183.97,188.12/192.37,177.74/184.07,184.09/197.52,183.98/183.98,184.06/184.06,192.34/192.34,188.51/188.51,177.73/197.76
chr1_217937145_AAAT,198,175.55/191.23,191.13/195.0,175.55/175.55,175.42/191.12,175.36/183.2,175.44/191.08,175.58/199.11,175.36/191.13,175.42/191.09,175.53/175.53,179.73/195.5,175.48/191.17,175.56/191.22,175.63/191.3,175.51/191.26,175.44/191.0,175.55/175.55,175.44/191.08,175.5/175.5,175.44/191.08,175.5/195.07,175.58/191.22,175.61/195.2,175.48/191.17,191.08/198.19,175.61/175.61,191.26/199.11,175.48/191.09,175.55/175.55,175.42/195.08,175.53/191.27,191.08/191.08,175.55/175.55,175.53/191.22,175.49/191.23,175.55/191.23,175.4/191.17,175.57/191.25,175.45/175.45,191.2/191.2,175.44/187.14,175.47/191.22,175.61/175.61,175.5/191.2,175.55/175.55,175.42/175.42,183.42/183.42,175.53/191.23
chr1_242233155_AATG,249,248.09/248.09,248.96/257.04,248.16/248.16,249.11/253.09,248.96/256.99,252.97/257.04,248.18/248.18,248.97/248.97,256.99/256.99,252.25/252.25,249.04/249.04,248.96/253,248.16/252.18,252.18/252.18,248.1/252.18,249.04/249.04,248.16/252.18,249.03/253.02,244.93/249.03,248.96/248.96,248.93/256.99,248.16/252.17,252.2/252.2,248.89/253.02,248.96/253.02,248.22/252.2,248.16/248.16,248.96/253.02,248.15/252.18,256.94/256.94,248.22/256.21,249.03/256.99,248.16/248.16,248.15/252.18,252.12/256.14,248.16/248.16,248.96/248.96,248.18/252.18,248.96/248.96,252.95/256.99,248.96/248.96,248.16/252.19,248.22/248.22,248.96/256.99,252.18/252.18,244.89/248.96,249.1/257.07,252.2/252.2
chr1_6733191_CA,175,180.98/186.71,190.59/192.57,173.2/173.2,173.2/173.2,182.81/188.58,171.24/182.74,173.26/184.85,190.6/194.47,171.21/171.21,173.25/181.06,175.33/188.71,173.18/184.83,171.27/173.23,171.32/182.87,171.3/190.59,173.15/173.15,180.98/182.87,173.15/184.79,173.2/186.73,171.25/173.16,184.73/186.71,171.31/186.67,182.87/182.87,173.2/184.75,173.21/182.81,173.26/182.8,173.28/173.28,173.18/184.75,171.32/182.8,173.2/184.8,173.25/184.85,173.21/173.21,173.21/182.86,171.28/180.98,182.79/186.72,171.32/180.98,175.09/180.92,171.35/173.23,173.18/184.85,169.34/177.04,171.28/184.78,171.31/182.79,173.26/182.88,171.28/173.18,173.28/182.86,171.29/173.2,186.68/188.58,171.28/182.81
chr1_76108862_GT,268,259.13/263.28,263.18/263.18,259.13/263.35,263.26/263.26,244.45/267.37,244.45/259.05,259.07/263.25,263.18/263.18,259.04/263.19,259.13/261.24,261.1/263.24,259.03/263.2,259.13/265.43,259.13/259.13,261.23/263.34,263.18/263.18,259.13/259.13,259.05/263.17,263.18/263.18,263.16/263.16,244.44/259.05,263.25/265.34,259.13/263.36,244.44/259.04,259.04/263.25,259.13/259.13,259.06/263.27,244.44/263.2,259.13/261.17,258.96/263.2,259.2/263.36,244.44/259.05,259.13/259.13,259.06/259.06,263.35/263.35,259.13/261.17,244.43/244.43,259.13/261.16,263.22/263.22,259.04/263.26,259.04/259.04,259.13/261.24,259.13/259.13,259.04/261.12,259.13/259.13,244.48/263.2,244.44/244.44,259.13/261.17
chr20_18095896_AC,199,189.41/200.97,189.49/197.13,185.56/195.15,187.6/195.29,187.59/200.95,197.18/204.7,204.68/204.68,206.67/206.67,197.17/204.73,187.46/195.14,189.46/214.35,199.06/208.6,195.17/206.59,187.47/195.14,185.54/195.16,187.64/187.64,187.5/189.41,195.23/202.9,195.28/199.12,195.23/201.0,195.28/204.84,195.18/198.95,187.55/195.23,193.31/195.27,197.12/210.58,189.41/195.21,204.74/214.31,197.18/201.0,189.45/195.22,199.06/206.61,198.9/204.68,195.24/197.19,189.44/195.18,187.5/195.21,198.94/206.55,185.63/187.52,191.42/191.42,185.55/195.17,204.71/208.56,204.73/204.73,193.34/195.25,185.62/189.41,189.45/195.15,191.42/195.25,189.41/195.17,200.99/202.91,197.18/197.18,189.45/195.22
chr20_42508128_TG,234,233.29/233.29,233.84/236.77,233.32/233.32,233.88/236.82,233.84/243.44,233.88/233.88,233.3/233.3,236.84/236.84,233.87/233.87,233.36/240.82,234.75/241.31,233.89/233.89,233.34/235.37,233.36/240.75,233.34/235.3,233.8/247.27,233.32/240.75,233.85/233.85,236.81/241.32,233.88/233.88,233.88/235.93,233.33/233.33,233.35/240.75,233.86/233.86,233.84/243.4,233.32/233.32,233.24/233.24,233.86/241.37,233.31/233.31,233.84/233.84,233.37/235.35,233.84/233.84,233.34/233.34,233.31/240.75,233.31/233.31,233.31/240.75,241.37/241.37,233.36/233.36,233.84/236.77,233.82/235.87,233.86/236.78,233.32/233.32,233.38/233.38,233.85/233.85,233.35/233.35,236.82/236.82,241.32/241.32,233.36/233.36
chr2_1273636_TA,240,236.62/236.62,237.15/237.15,234.71/236.67,237.2/237.2,237.16/237.16,237.2/237.2,236.63/236.63,235.15/235.15,237.2/237.2,236.65/236.65,237.16/237.16,237.21/237.21,234.65/236.68,236.69/236.69,236.61/236.61,235.17/237.17,234.71/236.67,235.15/237.16,237.2/237.2,237.2/237.2,235.22/237.2,234.64/236.6,234.66/236.61,237.19/237.19,237.15/237.15,234.71/236.67,236.59/236.59,235.21/237.19,234.7/236.67,235.11/237.15,236.66/236.66,237.15/237.15,236.68/236.68,236.67/236.67,236.67/236.67,234.7/236.67,235.22/235.22,236.69/236.69,235.21/237.16,237.14/237.14,237.16/237.16,236.67/236.67,236.74/236.74,235.19/237.16,234.73/236.69,235.22/237.2,235.15/237.13,236.65/236.65
chr3_46654755_TG,315,312.16/312.16,312.92/315.07,312.22/314.16,315.13/315.13,312.9/315.08,312.91/315.07,312.09/312.09,315.08/315.08,315.07/317.26,312.15/314.16,317.2/317.2,315.07/315.07,314.31/314.31,312.1/314.08,312.23/312.23,312.86/317.2,312.22/314.31,315.02/315.02,315.0/315.0,312.86/314.99,312.98/312.98,311.88/314.0,314.31/314.31,315.07/315.07,312.98/315.07,312.22/314.16,312.08/312.08,312.91/312.91,312.23/312.23,314.93/314.93,312.22/314.31,315.0/317.2,312.23/314.31,312.15/314.16,312.22/316.49,312.15/314.31,312.98/315.07,312.16/314.15,314.95/314.95,313.05/315.12,315.09/315.09,312.15/314.16,312.15/312.15,315.07/317.26,312.16/312.16,312.86/315.0,315.07/315.07,312.22/312.22
chr4_123573491_TTAT,209,207.49/207.49,202.89/206.99,203.38/207.53,207.03/207.03,207.0/207.0,206.98/206.98,207.49/207.49,206.96/206.96,206.97/206.97,207.49/207.49,207.01/207.01,207.04/207.04,203.38/207.53,207.49/207.49,203.38/207.53,207.04/207.04,203.38/207.53,206.96/206.96,207.03/207.03,207.05/207.05,202.92/207.05,203.38/207.53,203.44/203.44,207.03/207.03,207.0/207.0,203.38/207.53,207.49/207.49,207.04/207.04,203.44/203.44,207.01/207.01,207.49/207.49,206.97/206.97,203.38/207.53,203.38/207.53,207.49/207.49,203.44/203.44,207.0/207.0,203.38/207.53,202.87/206.96,202.9/207.01,202.97/207.04,203.38/207.53,203.38/207.53,206.99/206.99,207.49/207.49,207.01/207.01,207.03/207.03,203.38/207.53
chr4_136965932_AT,186,177.73/187.75,177.44/189.5,187.73/193.76,177.42/193.55,177.46/185.42,187.44/187.44,187.72/189.76,177.47/189.49,187.47/191.45,177.72/193.78,183.39/183.39,177.41/189.46,193.73/193.73,177.73/187.72,187.66/193.72,183.44/199.53,177.79/187.74,187.45/187.45,187.47/187.47,187.39/187.39,177.43/189.49,187.69/193.7,187.7/187.7,187.47/193.55,187.44/187.44,187.77/193.78,189.76/189.76,177.48/187.5,187.73/187.73,187.49/189.5,187.73/189.71,187.45/187.45,187.75/193.73,177.72/187.7,187.7/187.7,187.7/187.7,187.46/189.42,187.66/193.72,187.38/189.42,177.43/187.51,187.45/187.45,177.73/187.69,187.7/193.78,187.49/187.49,187.75/193.81,189.46/189.46,177.42/189.5,177.71/187.81
chr4_46950717_AAAT,308,320.88/324.82,305.21/321.9,304.61/324.84,321.45/325.47,321.93/325.37,305.14/321.39,304.57/304.57,305.19/325.36,305.18/325.37,304.57/324.78,305.15/321.39,305.21/317.33,304.55/304.55,324.74/324.74,324.81/324.81,305.15/305.15,304.57/324.78,305.11/305.11,305.24/325.42,321.26/325.27,325.4/329.32,304.5/304.5,304.57/320.74,305.18/305.18,305.15/325.34,324.84/324.84,304.6/324.74,321.4/325.37,304.54/304.54,305.15/305.15,304.61/328.75,305.12/317.2,304.51/304.51,304.57/324.76,304.54/320.74,304.55/304.55,305.15/305.15,304.58/324.82,305.12/329.31,305.19/321.89,305.2/317.75,304.58/324.76,324.78/324.78,305.15/321.9,324.82/324.82,305.15/325.39,305.18/305.18,324.77/324.77
chr5_18768193_GT,173,161.6/161.6,161.99/164.06,161.61/161.61,157.83/178.64,157.8/161.98,168.23/172.26,165.83/167.87,168.23/172.33,162.0/168.24,161.61/167.91,162.01/164.08,162.01/172.27,167.93/171.96,161.53/161.53,161.68/161.68,162.0/164.06,161.54/167.92,172.44/179.66,164.08/176.52,161.93/161.93,161.87/170.28,161.67/167.9,161.69/167.92,161.94/161.94,162.01/162.01,161.62/167.92,167.93/176.21,161.93/174.49,161.62/161.62,162.0/170.32,165.84/176.26,161.95/161.95,161.53/161.53,161.61/167.96,161.6/161.6,161.6/161.6,162.01/164.08,161.61/161.61,164.03/164.03,164.1/168.24,161.93/168.26,161.61/161.61,161.62/161.62,172.31/176.56,161.61/161.61,162.01/177.61,162.01/174.47,161.61/161.61
chr6_12322154_AC,268,259.56/269.15,267.63/269.55,265.25/267.17,267.58/269.51,259.93/259.93,265.66/267.59,267.17/267.17,259.94/269.51,265.73/267.66,259.48/265.26,265.65/267.57,263.74/267.61,265.24/265.24,259.49/265.29,259.49/267.2,265.64/267.63,259.49/259.49,265.73/267.63,259.94/267.66,259.94/263.77,267.66/267.66,265.2/267.17,259.48/259.48,267.66/267.66,267.56/269.55,259.49/265.25,259.49/267.2,267.62/267.62,259.48/267.25,259.94/259.94,267.18/267.18,265.64/267.56,259.49/267.2,259.48/265.26,267.23/267.23,259.49/267.2,265.73/267.66,265.29/267.2,267.55/269.5,259.94/259.94,267.63/271.44,259.49/265.31,259.48/267.18,259.94/265.71,259.49/267.2,259.94/269.52,265.66/265.66,259.48/267.26
chr6_50207587_TCTA,411,413.93/413.93,413.63/417.71,414.0/418.1,413.63/417.71,413.56/417.64,417.65/417.65,418.07/418.07,417.71/417.71,413.63/421.77,413.93/418.1,405.52/417.69,413.57/417.75,413.93/418.05,418.05/418.05,413.93/418.1,413.63/417.71,413.93/418.1,413.57/413.57,413.57/417.75,417.69/417.69,413.63/417.75,413.93/413.93,413.93/418.1,413.63/413.63,413.57/413.57,414.0/418.05,418.05/418.05,409.52/417.69,413.93/418.05,417.69/417.69,418.12/418.12,413.57/413.57,413.93/418.1,414.0/418.05,413.93/413.93,413.93/413.93,409.52/413.57,413.93/418.05,413.56/421.77,417.69/417.69,413.57/417.69,413.93/418.05,413.93/413.93,413.57/417.71,418.05/418.05,413.63/417.71,417.69/417.69,414.0/418.05
chr6_84874972_AC,248,243.44/245.38,245.82/259.3,245.4/245.4,245.89/245.89,245.87/253.6,243.87/245.81,256.89/258.84,255.46/259.3,245.85/245.85,243.51/245.45,240.0/245.85,247.83/259.3,239.5/245.29,241.49/243.44,241.49/245.37,240.0/245.82,243.51/243.51,240.07/245.89,240.07/249.74,243.9/243.9,240.07/249.74,245.3/245.3,239.64/243.48,240.07/243.93,241.95/245.85,243.51/245.38,245.37/258.9,245.89/245.89,241.57/243.43,245.78/245.78,243.51/256.99,243.84/245.79,243.48/245.41,243.43/245.37,243.38/245.29,241.49/243.43,243.93/251.67,241.48/245.33,245.83/245.83,243.9/249.74,243.9/245.85,241.55/243.48,241.57/243.43,243.9/245.85,243.48/245.41,253.6/257.45,243.93/249.74,243.44/245.38
chr6_89959098_CA,235,210.83/220.74,236.35/238.24,218.82/232.32,228.82/232.63,228.86/232.67,230.65/234.49,224.4/224.4,219.24/223.15,223.14/232.63,220.75/232.19,219.25/228.78,225.04/234.53,218.62/222.5,210.81/224.55,210.83/232.17,225.03/226.85,220.82/224.62,221.18/226.92,221.26/223.16,213.26/224.96,213.33/230.82,208.69/222.51,212.86/224.65,230.78/234.55,225.09/234.52,220.83/232.24,210.82/224.61,213.33/230.73,210.8/224.64,228.81/232.59,224.55/224.55,217.21/228.76,224.54/232.18,220.75/232.22,208.76/232.07,210.81/220.75,219.31/232.68,210.82/232.17,224.93/224.93,211.39/238.29,211.32/232.61,210.8/224.65,210.87/220.75,232.62/236.35,224.54/232.18,223.14/225.03,230.7/230.7,220.83/232.24
chr7_18349308_AC,225,213.77/213.77,224.05/229.79,207.93/207.93,214.21/218.16,208.35/218.17,218.16/223.99,219.77/219.77,214.14/220.2,218.23/218.23,213.77/213.77,208.34/220.13,220.2/229.77,207.93/215.77,213.77/217.74,213.77/213.77,216.21/216.21,213.69/217.79,214.21/214.21,208.37/208.37,216.19/218.16,210.31/214.21,207.87/215.72,207.94/217.82,220.2/220.2,218.21/227.87,207.93/213.77,219.84/219.84,214.21/218.16,213.77/213.77,220.2/229.71,209.83/219.77,218.23/225.94,213.77/213.77,207.94/213.77,207.87/215.72,207.94/213.77,216.21/227.84,207.89/213.77,214.14/227.84,208.38/220.2,208.31/227.83,213.77/213.77,207.91/217.82,218.23/220.2,213.77/213.77,223.99/225.94,218.16/220.2,207.85/213.77
chr7_27264534_AC,239,236.84/240.67,233.56/233.56,236.98/240.74,237.38/237.38,241.2/241.2,233.53/237.35,236.81/240.58,243.12/246.95,235.5/237.41,238.84/240.75,237.28/241.11,243.1/247.05,233.05/236.79,234.99/238.77,238.77/242.61,233.6/239.18,235.29/241.01,241.18/243.14,237.39/237.39,231.67/237.34,231.72/239.24,233.03/236.74,235.06/238.84,233.6/237.35,235.47/237.36,235.01/240.67,236.85/240.6,239.24/243.14,238.85/240.67,233.55/241.1,236.88/238.84,237.24/241.04,235.02/238.85,240.96/240.96,233.08/234.94,240.88/240.88,224.07/231.72,238.79/240.67,235.42/237.29,235.49/237.33,237.33/237.33,238.78/240.67,235.05/238.77,243.06/245.01,238.85/240.67,237.39/241.18,231.67/241.18,240.95/240.95
chr8_50595021_TG,231,227.35/227.35,227.9/229.96,229.39/231.38,227.79/227.79,225.82/225.82,225.77/229.91,227.32/227.32,225.76/227.83,227.84/227.84,227.31/231.45,225.68/227.82,227.8/227.8,227.39/231.51,227.39/231.51,231.48/231.48,225.7/227.84,227.36/227.36,227.84/227.84,225.78/227.87,229.91/231.97,227.79/227.79,227.35/231.45,227.28/227.28,227.79/231.94,227.82/227.82,227.39/231.51,227.33/227.33,227.78/227.78,227.39/231.43,231.92/236.0,227.36/227.36,227.86/231.96,227.31/231.4,227.37/231.42,231.41/231.41,227.3/231.42,225.71/227.79,231.45/231.45,227.8/227.8,225.8/231.97,227.82/227.82,227.41/231.5,227.39/231.51,227.78/227.78,227.31/231.4,227.83/231.96,225.78/227.8,227.34/231.47
chr9_36061394_AC,266,266.9/270.79,263.22/276.75,263.05/266.91,270.96/276.74,259.36/267.05,263.29/265.22,259.19/265.0,263.28/267.13,265.22/265.22,263.03/263.03,259.36/259.36,263.24/265.18,263.11/270.79,263.09/263.09,274.73/274.73,259.36/267.07,263.1/270.83,265.15/267.07,278.66/284.45,263.22/269.0,263.3/271.03,263.09/270.79,263.11/272.79,263.23/282.55,263.27/270.95,263.04/274.7,259.2/264.93,270.93/272.85,263.04/274.63,263.21/270.95,264.96/274.63,265.18/265.18,263.09/263.09,263.04/263.04,263.1/263.1,270.84/274.66,259.42/270.99,263.09/274.67,253.6/259.36,271.0/272.86,253.67/274.83,263.1/274.72,263.04/263.04,263.2/272.86,263.09/263.09,263.29/265.22,259.42/263.29,270.8/274.71
chr9_6685998_TTA,268,266.54/266.54,266.6/266.6,266.6/266.46,266.6/266.6,266.6/269.81,266.6/266.6,266.54/291.04,288.02/288.02,266.6/284.96,266.54/266.54,266.6/284.96,266.6/266.6,266.54/285.01,266.54/266.54,266.54/266.54,266.6/288.05,266.54/266.54,266.6/266.6,285.02/285.02,266.6/284.96,266.6/266.6,266.54/266.54,266.6/284.96,266.6/266.6,284.91/287.99,266.54/266.54,288.04/291.07,266.6/266.6,266.54/266.54,266.6/284.96,266.54/281.98,266.6/266.6,266.54/266.54,266.48/266.48,266.54/266.54,266.54/266.54,266.54/287.95,266.54/266.54,284.9/290.97,266.6/288,266.6/285.01,266.54/266.54,266.54/266.54,266.6/284.96,266.54/266.54,287.99/290.97,266.6/266.6,266.54/266.54
