Chromosome,TR Position,TR End,Repeat unit length (bp),Major allele (units diff from hg38 called by EnsembleTR),Major allele frequency,Supported by Pacbio Hifi for HG00438,Supported by T2T
chr1,11533736,11533739.0,4,3.0,0.96,Y,
chr1,26846131,26846223.0,2,6.0,0.99,Y,
chr1,32259290,32259325.0,1,4.0,0.97,Y,
chr1,52317484,52317509.0,1,-4.0,0.98,,
chr1,54836262,54836330.0,4,-6.0,1.0,,
chr1,64640742,64640765.0,2,-6.0,0.98,,
chr1,72636707,72636750.0,2,6.0,0.96,,
chr1,95226279,95226302.0,1,5.0,0.98,,
chr1,98183408,98183423.0,2,4.0,1.0,,
chr1,107314397,107314447.0,4,-3.0,0.95,,
chr1,115916932,115916973.0,1,-21.0,0.99,,
chr1,146006420,146006444.0,1,3.0,0.99,,
chr1,147677446,147677457.0,1,3.0,0.98,,
chr1,150243318,150243337.0,1,4.0,0.96,,
chr1,158690437,158690472.0,5,-3.0,0.96,,
chr1,158691192,158691202.0,1,-3.0,0.96,,
chr1,176041337,176041365.0,1,7.0,0.97,,
chr1,196441426,196441437.0,1,-3.0,0.98,,
chr1,202352888,202352904.0,1,6.0,0.97,,
chr1,209639624,209639641.0,2,-3.0,0.99,,
chr1,211358802,211358849.0,2,2.5,0.96,,
chr1,224309059,,1,-3.0,0.97,,
chr1,224381576,224381608.0,1,-3.0,0.97,,
chr1,234894106,234894147.0,4,-3.0,0.98,,
chr1,244544073,244544091.0,1,-12.0,0.99,,
chr2,4405856,4405919.0,2,-15.0,0.96,,
chr2,18913073,18913088.0,2,3.0,1.0,,
chr2,24361802,24361832.0,1,-14.0,0.99,,
chr2,64777920,64777956.0,2,-4.0,1.0,,
chr2,67125026,67125065.0,2,8.0,0.97,,
chr2,136689345,136689370.0,1,4.0,0.99,,
chr2,162500347,162500385.0,2,3.5,1.0,,
chr2,191988795,191988814.0,1,3.0,0.98,,
chr2,194342899,194342921.0,1,4.0,0.98,,
chr2,200332143,200332204.0,2,-3.0,0.96,,
chr2,201933090,201933116.0,2,11.0,0.98,,
chr2,209770928,209771009.0,3,7.33,0.97,,
chr2,213925137,213925151.0,1,4.0,0.96,,
chr2,229294162,229294174.0,1,3.0,0.99,,
chr2,229421629,229421644.0,2,3.0,0.96,,
chr2,229421629,229421699.0,2,3.0,0.96,,
chr3,14964490,14964533.0,1,-7.0,0.99,,
chr3,40833216,40833269.0,5,-5.0,0.97,,
chr3,48956670,48956697.0,2,-3.0,0.99,,
chr3,57189446,57189523.0,2,3.0,0.96,,
chr3,79089940,79089957.0,1,3.0,0.96,,
chr3,94596640,94596676.0,2,12.0,0.98,,
chr3,144364491,144364502.0,2,3.0,0.96,,
chr3,188469343,188469361.0,3,-3.0,1.0,,
chr4,13940763,13940852.0,2,-15.5,0.95,,
chr4,71808700,71808718.0,2,-6.0,0.95,,
chr4,84490780,84490844.0,4,3.0,0.99,,
chr4,93873459,93873501.0,2,4.0,0.97,,
chr4,94793005,94793023.0,1,3.0,0.98,,
chr4,125885656,125885707.0,6,-5.33,0.99,,
chr4,129498688,129498724.0,4,-4.0,0.98,,
chr4,146722064,146722085.0,2,-3.0,1.0,,
chr4,148833236,148833256.0,2,-3.0,1.0,,
chr4,162769023,162769088.0,2,-13.5,0.95,,
chr4,164610580,164610615.0,2,-6.0,0.98,,
chr4,166338275,166338340.0,4,-5.0,0.96,,
chr4,172663930,172663943.0,1,4.0,0.98,,
chr4,183170847,183170863.0,1,-3.0,0.97,,
chr5,19991841,19991868.0,1,-8.0,0.96,,
chr5,138163002,138163072.0,5,2.2,0.97,,
chr5,154888851,154888875.0,1,5.0,0.98,,
chr6,20366038,20366050.0,1,3.0,0.97,,
chr6,41979612,41979672.0,2,-4.0,0.98,,
chr6,41993926,41993962.0,1,-15.0,0.97,,
chr6,73595895,73595981.0,2,-17.0,0.98,,
chr6,93111042,93111064.0,5,2.2,1.0,,
chr6,104387195,104387216.0,2,-3.0,0.96,,
chr6,120250025,120250036.0,3,3.0,1.0,,
chr6,122606570,,1,10.0,0.96,,
chr6,168680340,168680367.0,2,-5.0,0.96,,
chr7,25098833,25098852.0,1,4.0,0.99,,
chr7,65322932,65322942.0,1,4.0,0.98,,
chr7,68039821,68039837.0,2,3.0,0.99,,
chr7,73421635,73421650.0,1,3.0,0.96,,
chr7,89945507,89945526.0,1,11.0,0.96,,
chr7,105370028,105370051.0,3,3.0,0.96,,
chr7,133397125,133397145.0,1,5.0,0.95,,
chr8,4317584,4317634.0,2,-7.0,0.99,,
chr8,6416270,6416314.0,5,-3.0,0.96,,
chr8,9243010,9243027.0,1,-6.0,0.98,,
chr8,17620863,17620875.0,1,-3.0,0.98,,
chr8,32075652,,1,-26.0,0.97,,
chr8,32800660,32800673.0,1,-5.0,0.97,,
chr8,76995913,76995932.0,1,4.0,1.0,,
chr9,30015806,30015880.0,2,2.5,0.97,,
chr9,68627937,68627956.0,1,4.0,0.97,,
chr9,87176145,87176156.0,1,4.0,0.99,,
chr9,91091520,91091536.0,1,10.0,1.0,,
chr9,91819651,91819679.0,6,2.67,0.99,,
chr9,119772694,119772712.0,1,-4.0,0.97,,
chr10,2423310,2423387.0,2,6.0,0.98,,
chr10,3928166,3928201.0,2,3.0,0.95,,
chr10,8628067,8628122.0,4,-6.0,0.96,,
chr10,23311716,23311726.0,1,4.0,0.98,,
chr10,39348609,39348628.0,1,3.0,0.99,,
chr10,63861827,63861846.0,2,7.0,0.98,,
chr10,68540625,,1,-6.0,0.97,,
chr10,69491531,69491547.0,2,6.0,0.99,,
chr10,110495374,110495389.0,1,4.0,0.96,,
chr10,113075461,113075485.0,1,5.0,0.97,,
chr10,115831768,115831778.0,1,4.0,0.96,,
chr10,119243561,119243583.0,1,4.0,0.96,,
chr10,127203646,127203661.0,1,-3.0,0.97,,
chr10,131620170,131620182.0,1,-3.0,0.96,,
chr11,5497042,5497065.0,1,-6.0,0.96,,
chr11,6994183,6994207.0,2,2.5,0.95,,
chr11,10788584,10788595.0,1,3.0,0.96,,
chr11,10826761,10826787.0,1,-13.0,0.97,,
chr11,29033826,29033888.0,2,-11.5,0.96,,
chr11,31456949,31456965.0,1,6.0,1.0,,
chr11,38816325,38816336.0,2,7.0,0.96,,
chr11,39522804,39522892.0,2,2.5,0.98,,
chr11,40483774,40483831.0,2,-5.0,0.96,,
chr11,43253802,43253835.0,2,-3.0,0.96,,
chr11,46764874,46764886.0,1,30.0,0.97,,
chr11,97330549,97330568.0,1,4.0,0.97,,
chr11,125739816,125739827.0,1,4.0,0.96,,
chr12,944761,944785.0,1,4.0,0.96,,
chr12,3162623,3162633.0,1,3.0,0.97,,
chr12,8023095,8023119.0,1,6.0,0.99,,
chr12,17941413,17941436.0,4,3.25,1.0,,
chr12,57387965,57387978.0,1,3.0,0.95,,
chr12,59908658,59908674.0,5,3.0,0.95,,
chr12,72672486,72672502.0,3,3.0,0.96,,
chr12,96643390,96643418.0,2,-4.0,1.0,,
chr12,115076223,115076257.0,2,14.0,0.96,,
chr12,124340175,124340192.0,3,3.0,0.97,,
chr12,128192249,128192282.0,2,-9.0,0.98,,
chr12,131828553,131828580.0,3,3.0,0.96,,
chr13,37942353,37942401.0,4,3.0,1.0,,
chr13,39507885,39507933.0,4,3.0,0.97,,
chr13,72164243,72164265.0,2,-4.0,0.96,,
chr13,75990041,75990060.0,1,6.0,0.96,,
chr13,78693832,78693844.0,1,-6.0,0.98,,
chr13,96687091,96687105.0,1,-3.0,0.97,,
chr13,104660193,104660209.0,2,8.0,0.96,,
chr14,47675310,,3,-5.0,0.99,,
chr14,49783298,49783310.0,1,-3.0,0.99,,
chr14,49899394,49899415.0,1,-4.0,0.96,,
chr14,76269736,76269781.0,5,2.6,0.97,,
chr14,91207734,91207763.0,1,6.0,0.99,,
chr15,25510801,25510831.0,2,-3.0,0.95,,
chr15,34080748,34080767.0,2,-3.0,0.98,,
chr15,56772621,56772632.0,1,3.0,0.98,,
chr15,67542536,67542554.0,2,-3.5,0.98,,
chr15,71803503,71803529.0,4,2.5,0.95,,
chr15,75175192,75175208.0,1,12.0,0.96,,
chr15,80717258,80717271.0,1,3.0,0.96,,
chr15,98931697,98931717.0,1,-8.0,0.96,,
chr15,99316716,99316733.0,1,-3.0,0.97,,
chr16,1308609,1308642.0,4,-5.0,0.97,,
chr16,8649638,8649654.0,1,-3.0,0.96,,
chr16,8649815,8649830.0,1,-5.0,0.97,,
chr16,10268893,10268906.0,1,-3.0,0.97,,
chr16,11955721,11955745.0,1,7.0,0.96,,
chr16,13778659,13778674.0,1,4.0,0.96,,
chr16,46945175,46945194.0,1,4.0,0.96,,
chr16,53131065,53131081.0,3,6.67,0.98,,
chr16,76525653,76525754.0,2,2.5,0.99,,
chr16,77994074,77994095.0,1,7.0,0.98,,
chr16,81119456,81119528.0,4,-3.25,0.97,,
chr16,81119500,81119515.0,4,-3.0,0.97,,
chr16,81766466,81766514.0,3,-6.0,0.99,,
chr17,4611015,4611039.0,1,6.0,0.97,,
chr17,5775631,5775653.0,1,4.0,0.96,,
chr17,9954473,9954492.0,1,-7.0,1.0,,
chr17,41180579,41180601.0,2,-3.0,0.97,,
chr17,61220294,61220318.0,1,8.0,0.99,,
chr17,67242510,67242584.0,2,-20.0,0.99,,
chr17,76379248,76379258.0,1,4.0,0.98,,
chr17,78739937,78739951.0,1,3.0,0.98,,
chr18,4881057,4881067.0,1,3.0,0.97,,
chr18,14086929,14086940.0,3,3.0,0.97,,
chr18,45282802,45282834.0,4,3.0,0.96,,
chr18,47375947,47375974.0,1,8.0,0.98,,
chr18,50739390,50739451.0,2,-14.0,1.0,,
chr18,57730797,57730861.0,2,-13.0,0.98,,
chr18,66508753,66508754.0,2,4.0,0.98,,
chr18,74755538,74755549.0,4,3.0,0.96,,
chr19,1586672,1586684.0,1,4.0,0.96,,
chr19,8165816,8165874.0,4,4.75,0.99,,
chr19,12983425,12983454.0,2,-8.0,1.0,,
chr19,23672175,23672192.0,1,-8.0,0.96,,
chr19,23793205,23793230.0,1,-7.0,0.97,,
chr19,47326836,47326854.0,1,-4.0,0.96,,
chr19,47390127,47390140.0,1,4.0,0.98,,
chr20,55153658,55153720.0,4,-3.75,0.98,,
chr20,55220282,55220311.0,1,-9.0,0.96,,
chr22,24110870,24110881.0,1,3.0,0.98,,
chr22,36082078,36082092.0,1,4.0,0.99,,
chr22,38473974,38474001.0,1,-7.0,1.0,,
chr22,40901237,,1,6.0,0.95,,
